URL,Último rastreo
https://bookrhub.com/?locale=es/casos-de-uso,2026-03-22
https://bookrhub.com/?locale=en/use-cases,2026-03-22
http://bookrhub.com/,2026-03-21
https://bookrhub.com/,2026-03-21
https://bookrhub.com/sistema-de-turnos-para-massage-spa-en-la-rioja,2026-03-21
https://my.bookrhub.com/signup?plan=independent&locale=en-US&currency=USD&interval=annual,2026-03-19
https://bookrhub.com/?locale=en&currency=USD,2026-03-18
https://my.bookrhub.com/signup?plan=business&locale=en-GB&currency=GBP&interval=annual,2026-03-18
https://my.bookrhub.com/signup?plan=team&locale=en-GB&currency=GBP&interval=annual,2026-03-18
https://my.bookrhub.com/signup?plan=independent&locale=en-GB&currency=GBP&interval=annual,2026-03-18
https://my.bookrhub.com/signup?plan=team&locale=en-US&currency=USD&interval=annual,2026-03-18
https://bookrhub.com/?locale=en-US&currency=USD,2026-03-17
https://bookrhub.com/?locale=en-GB&currency=GBP,2026-03-17
https://barber.bookrhub.com/locale/es,2026-03-09
https://barber.bookrhub.com/locale/en,2026-03-08
http://www.bookrhub.com/,2026-03-06
https://my.bookrhub.com/signup?plan=team&locale=en&currency=USD,2026-03-02
https://my.bookrhub.com/signup?locale=en&currency=USD,2026-03-02
https://my.bookrhub.com/signup?plan=independent,2026-01-10
https://my.bookrhub.com/signup?plan=business,2026-01-09
https://my.bookrhub.com/signup?plan=business&locale=es-AR&currency=ARS,2025-12-04
https://my.bookrhub.com/signup?locale=es-AR&currency=ARS,2025-12-03
https://my.bookrhub.com/signup?plan=team&locale=en-NZ&currency=NZD,2025-12-02
https://my.bookrhub.com/signup?plan=business&locale=es&currency=USD,2025-12-02
https://my.bookrhub.com/signup?locale=es&currency=USD,2025-12-01
https://my.bookrhub.com/signup?locale=en-NZ&currency=NZD,2025-12-01
https://my.bookrhub.com/signup?plan=team&locale=es-AR&currency=ARS,2025-11-30
https://my.bookrhub.com/signup?plan=independent&locale=es-AR&currency=ARS,2025-11-30
https://my.bookrhub.com/signup?plan=business&locale=en-GB&currency=GBP,2025-11-29
https://my.bookrhub.com/signup?plan=independent&locale=en-GB&currency=GBP,2025-11-27
https://my.bookrhub.com/signup?plan=team&locale=en-GB&currency=GBP,2025-11-27
https://my.bookrhub.com/signup?plan=independent&locale=en-NZ&currency=NZD,2025-11-27
https://my.bookrhub.com/signup?plan=business&locale=en-NZ&currency=NZD,2025-11-27
https://my.bookrhub.com/signup?plan=independent&locale=es&currency=USD,2025-11-27
https://my.bookrhub.com/signup?plan=team&locale=es&currency=USD,2025-11-27
https://my.bookrhub.com/signup?locale=en-GB&currency=GBP,2025-11-27
https://my.bookrhub.com/signup?plan=business&locale=en&currency=USD,2025-11-12
https://barberia.bookrhub.com/locale/en,2025-11-11
https://my.bookrhub.com/signup?plan=team&locale=en-US&currency=USD,2025-11-09
https://my.bookrhub.com/signup?locale=en-US&currency=USD,2025-11-09
https://barberia.bookrhub.com/locale/de,2025-11-04
https://argentum.bookrhub.com/locale/en,2025-10-07